<?xml version="1.0" encoding="UTF-8" standalone="no"?><costuri><cost><proiect Cod_proiect="1" Valoare_proiect="5000.0"/><proiect Cod_proiect="2" Valoare_proiect="40000.0"/></cost><cost><proiect Cod_proiect="1" Valoare_proiect="45000.0"/></cost><cost><proiect Cod_proiect="3" Valoare_proiect="5000.0"/></cost><cost><proiect Cod_proiect="4" Valoare_proiect="3000.0"/></cost><cost><proiect Cod_proiect="5" Valoare_proiect="30000.0"/></cost><cost><proiect Cod_proiect="6" Valoare_proiect="100000.0"/></cost><cost><proiect Cod_proiect="7" Valoare_proiect="50000.0"/></cost><cost><proiect Cod_proiect="8" Valoare_proiect="15000.0"/></cost></costuri>