[
  {
    "nume": "Popescu Ion",
    "optiuni": [
      {"codProgram": 28,"punctaj": 7.46 },
      {"codProgram": 29,"punctaj": 6.45 }
    ]
  },
  {
    "nume": "Ioana Andreea",
    "optiuni": [
      {"codProgram": 30,"punctaj": 7.46 },
      {"codProgram": 31,"punctaj": 8.46 },
      {"codProgram": 32,"punctaj": 9.45 }
    ]
  },
  {
    "nume": "Ioan Raul",
    "optiuni": [
      {"codProgram": 33,"punctaj": 7.46 },
      {"codProgram": 34,"punctaj": 8.46 },
      {"codProgram": 35,"punctaj": 9.45 }
    ]
  },
  {
    "nume": "Raul Andrei",
    "optiuni": [
      {"codProgram": 33,"punctaj": 7.46 },
      {"codProgram": 34,"punctaj": 8.46 },
      {"codProgram": 35,"punctaj": 9.45 },
      {"codProgram": 37,"punctaj": 9.45 }
    ]
  }
 ]